Salta,
Buenos Aires (provincia),
Buenos Aires (AMBA),Sofisma del Yo,Satana Satana,No Me Toques,Autodefensa,Ser Delfín,Las Tussi,Croma,Plan Médico,Mishiadura,Cyano,No la Mires,Euroshima,Dum Chika,Mujer Cebra,K4,Piba,Mishiadura,Marttein,Nemagenix,La Piba Berreta,Mujercitas Temor,Garbage People,Blanca Teta,Chino Cizaña
San Luis,
Entre Ríos,
La Rioja,
Santiago del Estero,
Chaco,
San Juan,
Catamarca,
La Pampa,
Mendoza,
Misiones,
Formosa,
Neuquén,
Río Negro,
Santa Fe,
Tucumán,
Chubut,
Tierra del Fuego,Cómeme los huevos chaval,
Corrientes,
Córdoba,
Jujuy,
Santa Cruz,
